Workbook

Sheet RAID Log
A2: RAID LOG
A3: Risks · Assumptions · Issues · Dependencies · Decisions — Client Onboarding
A4: Project: [CLIENT NAME] — [project name pilot] | C4: PM / Owner: [Name] | E4: Last Updated: [DD/MM/YYYY] | G4: Open Items: =COUNTIF(H10:H500,"Open")+COUNTIF(H10:H500,"In Progress")+COUNTIF(H10:H500,"Escalated") | I4: Risks Open: =COUNTIFS(B10:B500,"Risk",H10:H500,"Open")
A6: CATEGORY LEGEND | C6: ■ Risk | D6: ■ Assumption | E6: ■ Issue | F6: ■ Dependency | G6: ■ Decision | H6: Impact: 🔴 High 🟡 Medium 🟢 Low
A8: 📋 PLANNING PHASE — Pre Kick-Off
A9: ID | B9: Category | C9: Description | D9: Impact | E9: Probability / Likelihood | F9: Owner | G9: Target Date | H9: Status | I9: Mitigation / Action | J9: Notes / History
A10: P-001 | B10: Risk | C10: Client infrastructure not ready in time for SW deployment | D10: High | E10: Medium | F10: [PM] | G10: [DD/MM/YYYY] | H10: Open | I10: Agree infrastructure checklist at Kick-Off. Define a readiness sign-off gate before SW delivery. | J10: Flagged during pre-kick-off call. Follow up in WS #2.
A11: P-002 | B11: Assumption | C11: Client team has dedicated availability for workshops and testing phases | D11: High | E11: High | F11: [PM] | G11: [DD/MM/YYYY] | H11: Open | I11: Confirm resource allocation and named individuals at Kick-Off meeting. | J11: Client confirmed SPOC but individual engineer availability TBC.
A12: P-003 | B12: Risk | C12: Key client contact changes during project (SPOC turnover) | D12: Medium | E12: Low | F12: [CRO] | G12: [DD/MM/YYYY] | H12: Open | I12: Document all contacts in Stakeholder Register. Ensure knowledge transfer if change occurs.
A13: P-004 | B13: Dependency | C13: Client must provide test environment access before Phase 1 testing can begin | D13: High | E13: High | F13: [Tech Dir.] | G13: [DD/MM/YYYY] | H13: Open | I13: Confirm environment specs and access credentials by T1. Block testing phases until resolved. | J13: Environment specs shared. Awaiting client confirmation.
A14: P-005 | B14: Assumption | C14: Contract signed and initial invoice paid before project kick-off (T0) | D14: High | E14: High | F14: [CRO] | G14: [DD/MM/YYYY] | H14: Closed | I14: Verified prior to scheduling Kick-Off Meeting. | J14: Confirmed signed 30/06/2025. Invoice paid.
A15: P-006 | B15: Decision | C15: Project will be delivered in 5 consecutive phases as defined in the contract | D15: High | E15: High | F15: [PM] | G15: [DD/MM/YYYY] | H15: Closed | I15: Agreed at contract stage. Phases may be adjusted by Steering Committee only. | J15: Validated at STC #1 (Kick-Off).
A16: P-007 | B16: Risk | C16: Quantum-safe algorithm not yet natively supported by client's existing PKI | D16: Medium | E16: High | F16: [Tech Dir.] | G16: [DD/MM/YYYY] | H16: Open | I16: Assess PKI compatibility during WS #2. Plan hybrid certificate deployment if needed.
A18: 🚀 EXECUTION PHASE — Post Kick-Off & Ongoing
A19: ID | B19: Category | C19: Description | D19: Impact | E19: Probability / Likelihood | F19: Owner | G19: Target Date | H19: Status | I19: Mitigation / Action | J19: Notes / History
A20: E-001 | B20: Issue | C20: SW delivery #1 delayed by 3 days due to packaging issue | D20: Medium | E20: — | F20: [Tech Dir.] | G20: [DD/MM/YYYY] | H20: In Progress | I20: Re-packaged Docker container. New delivery date confirmed. Client notified by email. | J20: Raised TCM #1. Resolved 05/09/2025.
A21: E-002 | B21: Risk | C21: Client testing team unfamiliar with Docker — risk of slow setup | D21: Medium | E21: High | F21: [PM] | G21: [DD/MM/YYYY] | H21: Open | I21: Schedule 1h onboarding call on Docker basics before Phase 1 testing starts.
A22: E-003 | B22: Decision | C22: Hybrid certificate deployment agreed for Phase 2 (classical + ML-DSA) | D22: High | E22: — | F22: [Tech Dir.] | G22: [DD/MM/YYYY] | H22: Closed | I22: Decision taken in TCM #1. Architecture diagram updated. | J22: Agreed 15/09/2025. Documented in TCM #1 minutes.
A23: E-004 | B23: Dependency | C23: Phase 3 (gRPC) cannot start until Phase 2 test results validated by client | D23: High | E23: Medium | F23: [PM] | G23: [DD/MM/YYYY] | H23: Open | I23: Add Phase 2 sign-off as gate in project tracker. Confirm with client at TCM #2.
A24: E-005 | B24: Issue | C24: Port 443 not opened on client firewall — blocking REST API tests | D24: High | E24: — | F24: [Client SPOC] | G24: [DD/MM/YYYY] | H24: Open | I24: Escalated to client IT team. CNS provided firewall configuration instructions. | J24: Raised by Tech Director 22/09/2025.
A25: E-006 | B25: Assumption | C25: Client will provide test data sets for signature validation by T2 | D25: Medium | E25: Medium | F25: [PM] | G25: [DD/MM/YYYY] | H25: Open | I25: Confirm format and volume of test data at WS #2. Add to client action log.
A26: E-007 | B26: Risk | C26: Project closure delayed if client does not validate deliverables on time | D26: High | E26: Medium | F26: [CRO] | G26: [DD/MM/YYYY] | H26: Open | I26: Define acceptance SLA in contract. Escalate to Steering Committee if >2 weeks delay.
A27: E-008
A28: E-009
A29: E-010
A30: E-011
A31: E-012
A32: E-013
A33: E-014
A34: E-015

Sheet Dashboard
A2: RAID LOG — DASHBOARD SUMMARY
A3: Live summary — auto-calculated from RAID Log sheet
A5: Category | B5: Total | C5: Open | D5: In Progress | E5: Closed | F5: Escalated | G5: High Impact
A6: Risk | B6: =IFERROR(COUNTIF('RAID Log'!B10:B500,"Risk"),0) -> 5 | C6: =IFERROR(COUNTIFS('RAID Log'!B10:B500,"Risk",'RAID Log'!H10:H500,"Open"),0) -> 5 | D6: =IFERROR(COUNTIFS('RAID Log'!B10:B500,"Risk",'RAID Log'!H10:H500,"In Progress"),0) -> 0 | E6: =IFERROR(COUNTIFS('RAID Log'!B10:B500,"Risk",'RAID Log'!H10:H500,"Closed"),0) -> 0 | F6: =IFERROR(COUNTIFS('RAID Log'!B10:B500,"Risk",'RAID Log'!H10:H500,"Escalated"),0) -> 0 | G6: =IFERROR(COUNTIFS('RAID Log'!B10:B500,"Risk",'RAID Log'!D10:D500,"High",'RAID Log'!H10:H500,"<>Closed"),0) -> 2
A7: Assumption | B7: =IFERROR(COUNTIF('RAID Log'!B10:B500,"Assumption"),0) -> 3 | C7: =IFERROR(COUNTIFS('RAID Log'!B10:B500,"Assumption",'RAID Log'!H10:H500,"Open"),0) -> 2 | D7: =IFERROR(COUNTIFS('RAID Log'!B10:B500,"Assumption",'RAID Log'!H10:H500,"In Progress"),0) -> 0 | E7: =IFERROR(COUNTIFS('RAID Log'!B10:B500,"Assumption",'RAID Log'!H10:H500,"Closed"),0) -> 1 | F7: =IFERROR(COUNTIFS('RAID Log'!B10:B500,"Assumption",'RAID Log'!H10:H500,"Escalated"),0) -> 0 | G7: =IFERROR(COUNTIFS('RAID Log'!B10:B500,"Assumption",'RAID Log'!D10:D500,"High",'RAID Log'!H10:H500,"<>Closed"),0) -> 1
A8: Issue | B8: =IFERROR(COUNTIF('RAID Log'!B10:B500,"Issue"),0) -> 2 | C8: =IFERROR(COUNTIFS('RAID Log'!B10:B500,"Issue",'RAID Log'!H10:H500,"Open"),0) -> 1 | D8: =IFERROR(COUNTIFS('RAID Log'!B10:B500,"Issue",'RAID Log'!H10:H500,"In Progress"),0) -> 1 | E8: =IFERROR(COUNTIFS('RAID Log'!B10:B500,"Issue",'RAID Log'!H10:H500,"Closed"),0) -> 0 | F8: =IFERROR(COUNTIFS('RAID Log'!B10:B500,"Issue",'RAID Log'!H10:H500,"Escalated"),0) -> 0 | G8: =IFERROR(COUNTIFS('RAID Log'!B10:B500,"Issue",'RAID Log'!D10:D500,"High",'RAID Log'!H10:H500,"<>Closed"),0) -> 1
A9: Dependency | B9: =IFERROR(COUNTIF('RAID Log'!B10:B500,"Dependency"),0) -> 2 | C9: =IFERROR(COUNTIFS('RAID Log'!B10:B500,"Dependency",'RAID Log'!H10:H500,"Open"),0) -> 2 | D9: =IFERROR(COUNTIFS('RAID Log'!B10:B500,"Dependency",'RAID Log'!H10:H500,"In Progress"),0) -> 0 | E9: =IFERROR(COUNTIFS('RAID Log'!B10:B500,"Dependency",'RAID Log'!H10:H500,"Closed"),0) -> 0 | F9: =IFERROR(COUNTIFS('RAID Log'!B10:B500,"Dependency",'RAID Log'!H10:H500,"Escalated"),0) -> 0 | G9: =IFERROR(COUNTIFS('RAID Log'!B10:B500,"Dependency",'RAID Log'!D10:D500,"High",'RAID Log'!H10:H500,"<>Closed"),0) -> 2
A10: Decision | B10: =IFERROR(COUNTIF('RAID Log'!B10:B500,"Decision"),0) -> 2 | C10: =IFERROR(COUNTIFS('RAID Log'!B10:B500,"Decision",'RAID Log'!H10:H500,"Open"),0) -> 0 | D10: =IFERROR(COUNTIFS('RAID Log'!B10:B500,"Decision",'RAID Log'!H10:H500,"In Progress"),0) -> 0 | E10: =IFERROR(COUNTIFS('RAID Log'!B10:B500,"Decision",'RAID Log'!H10:H500,"Closed"),0) -> 2 | F10: =IFERROR(COUNTIFS('RAID Log'!B10:B500,"Decision",'RAID Log'!H10:H500,"Escalated"),0) -> 0 | G10: =IFERROR(COUNTIFS('RAID Log'!B10:B500,"Decision",'RAID Log'!D10:D500,"High",'RAID Log'!H10:H500,"<>Closed"),0) -> 0
A11: TOTAL | B11: =IFERROR(COUNTA('RAID Log'!A10:A500)-COUNTBLANK('RAID Log'!A10:A500),0) -> -443 | C11: =IFERROR(COUNTIF('RAID Log'!H10:H500,"Open"),0) -> 10 | D11: =IFERROR(COUNTIF('RAID Log'!H10:H500,"In Progress"),0) -> 1 | E11: =IFERROR(COUNTIF('RAID Log'!H10:H500,"Closed"),0) -> 3 | F11: =IFERROR(COUNTIF('RAID Log'!H10:H500,"Escalated"),0) -> 0 | G11: =IFERROR(COUNTIFS('RAID Log'!D10:D500,"High",'RAID Log'!H10:H500,"<>Closed"),0) -> 6
A14: QUICK REFERENCE — WHAT EACH CATEGORY MEANS
A15: Risk | B15: Something that COULD happen and negatively affect the project. Track probability + impact. Define mitigation.
A16: Assumption | B16: Something you are TREATING AS TRUE without confirmed evidence. Must be validated — if wrong, it becomes a Risk or Issue.
A17: Issue | B17: Something that HAS ALREADY happened and is causing a problem RIGHT NOW. Needs immediate action.
A18: Dependency | B18: Something the project RELIES ON from another team, system, or party. If it's late, your work is blocked.
A19: Decision | B19: A formal CHOICE made during the project. Log it so everyone knows what was decided, when, and by whom.
